Workbook

Sheet Sheet1
A1: Sl No | B1: Title | C1: Deity | D1: Level | E1: Tempo | F1: Language | G1: Raga | H1: Shruti
A2: 1 | B2: Aneela Kumara Hanumantha | C2: anjaneya | D2: advanced | E2: medium | F2: sanskrit / hindi | G2: kanada, bageshri | H2: =VLOOKUP(LEFT(B2, 15) & "*", PMB!A:B, 2, FALSE) -> #N/A
A3: 2 | B3: Anjana Nanda Veeram Ashoka Vana Sancharam | C3: anjaneya | D3: intermediate | E3: fast | F3: sanskrit / hindi | G3: hamsanandi / sohini | H3: =VLOOKUP(LEFT(B3, 15) & "*", PMB!A:B, 2, FALSE) -> #N/A
A4: 3 | B4: Anjana Sutha Anjaneya | C4: anjaneya | D4: simple | E4: medium | F4: sanskrit / hindi | G4: maand | H4: =VLOOKUP(LEFT(B4, 15) & "*", PMB!A:B, 2, FALSE) -> #N/A
A5: 4 | B5: Anjaneya Hanumantha Veera | C5: anjaneya | F5: sanskrit / hindi | G5: mohanam / bhoop | H5: =VLOOKUP(LEFT(B5, 15) & "*", PMB!A:B, 2, FALSE) -> #N/A
A6: 5 | B6: Anjaneya Paahi Maam Hanumantha Paahi Maam | C6: anjaneya | F6: sanskrit / hindi | G6: hamsadhwani | H6: =VLOOKUP(LEFT(B6, 15) & "*", PMB!A:B, 2, FALSE) -> #N/A
A7: 6 | B7: Anjaneya Veera Hanumantha Shoora | C7: anjaneya | D7: simple | E7: fast | F7: sanskrit / hindi | G7: hamsadhwani | H7: =VLOOKUP(LEFT(B7, 15) & "*", PMB!A:B, 2, FALSE) -> #N/A
A8: 7 | B8: Apaara Mahima Gunavanta Anjaneya Balavanta | C8: anjaneya | D8: simple | E8: fast | F8: sanskrit / hindi | G8: shankarabharanam / bilawal | H8: =VLOOKUP(LEFT(B8, 15) & "*", PMB!A:B, 2, FALSE) -> #N/A
A9: 8 | B9: Hey Rama Dootha Hey Rama Bhaktha Hey Rama Daasa Namo Namo | C9: anjaneya | D9: intermediate | E9: medium fast | F9: sanskrit / hindi | G9: jaunpuri | H9: =VLOOKUP(LEFT(B9, 15) & "*", PMB!A:B, 2, FALSE) -> #N/A
A10: 9 | B10: Jai Jai Hanuman Jaya Hanuman (2) | C10: anjaneya | D10: intermediate | E10: medium fast | F10: sanskrit / hindi | G10: abheri / bhimpalas | H10: =VLOOKUP(LEFT(B10, 15) & "*", PMB!A:B, 2, FALSE) -> 2P
A11: 10 | B11: Jaya Anjaneya Jaya Rama Dootha Sharanam Prabho Sharanam | C11: anjaneya | D11: advanced | E11: fast | F11: sanskrit / hindi | G11: hamsanadam | H11: =VLOOKUP(LEFT(B11, 15) & "*", PMB!A:B, 2, FALSE) -> #N/A
A12: 11 | B12: Jaya Bajrang Jaya Balabheem Jaya Hanuman Jaya Bolo (2) | C12: anjaneya | F12: sanskrit / hindi | G12: kanada | H12: =VLOOKUP(LEFT(B12, 15) & "*", PMB!A:B, 2, FALSE) -> #N/A
A13: 12 | B13: Jaya Hanuman Jaya Hanuman (7) | C13: anjaneya | D13: simple | E13: fast | F13: sanskrit / hindi | G13: khamaj | H13: =VLOOKUP(LEFT(B13, 15) & "*", PMB!A:B, 2, FALSE) -> #N/A
A14: 13 | B14: Jaya Ho Jaya Ho Anjaneya | C14: anjaneya | D14: intermediate | E14: medium fast | F14: sanskrit / hindi | G14: brindavan sarang | H14: =VLOOKUP(LEFT(B14, 15) & "*", PMB!A:B, 2, FALSE) -> 3P
A15: 14 | B15: Jaya Jaya Pavana Kumara | C15: anjaneya | D15: simple | E15: fast | F15: sanskrit / hindi | G15: natabhairavi | H15: =VLOOKUP(LEFT(B15, 15) & "*", PMB!A:B, 2, FALSE) -> #N/A
A16: 15 | B16: Jaya Maruti Jaya Maruti Jaya Rama Dootha | C16: anjaneya | D16: intermediate | E16: medium fast | F16: sanskrit / hindi | G16: abheri / bhimpalas | H16: =VLOOKUP(LEFT(B16, 15) & "*", PMB!A:B, 2, FALSE) -> #N/A
A17: 16 | B17: Jaya Vijayee Bhava Jaya Vijayee Bhava | C17: anjaneya | D17: intermediate | E17: medium fast | F17: sanskrit / hindi | G17: desh | H17: =VLOOKUP(LEFT(B17, 15) & "*", PMB!A:B, 2, FALSE) -> #N/A
A18: 17 | B18: Mangala Murthy Maruti Raya Raghava Priya Jaya Hanuman | C18: anjaneya | D18: advanced | E18: medium | F18: sanskrit / hindi | G18: madhuvanti | H18: =VLOOKUP(LEFT(B18, 15) & "*", PMB!A:B, 2, FALSE) -> #N/A
A19: 18 | B19: Maruti Raya Mangala Naama | C19: anjaneya | F19: sanskrit / hindi | G19: hamsadhwani | H19: =VLOOKUP(LEFT(B19, 15) & "*", PMB!A:B, 2, FALSE) -> #N/A
A20: 19 | B20: Maruti Raya Namo Namo | C20: anjaneya | D20: intermediate | E20: fast | F20: sanskrit / hindi | G20: shuddha sarang | H20: =VLOOKUP(LEFT(B20, 15) & "*", PMB!A:B, 2, FALSE) -> #N/A
A21: 20 | B21: Pavana Sutha Hanuman Ki Jai | C21: anjaneya | D21: intermediate | E21: medium | F21: sanskrit / hindi | G21: yaman kalyan | H21: =VLOOKUP(LEFT(B21, 15) & "*", PMB!A:B, 2, FALSE) -> #N/A
A22: 21 | B22: Pavana Sutha Hanumantha | C22: anjaneya | F22: sanskrit / hindi | G22: sindhu bhairavi / bhairavi | H22: =VLOOKUP(LEFT(B22, 15) & "*", PMB!A:B, 2, FALSE) -> #N/A
A23: 22 | B23: Prabhu Ramachandra Ke Dootha Hanumantha Anjaneya | C23: anjaneya | D23: simple | E23: fast | F23: sanskrit / hindi | G23: kalyani / yaman | H23: =VLOOKUP(LEFT(B23, 15) & "*", PMB!A:B, 2, FALSE) -> 3P
A24: 23 | B24: Rama Bhaktha Hanumantha | C24: anjaneya | F24: sanskrit / hindi | G24: maand | H24: =VLOOKUP(LEFT(B24, 15) & "*", PMB!A:B, 2, FALSE) -> #N/A
A25: 24 | B25: Rama Dhyana Nirata Anjaneya | C25: anjaneya | D25: advanced | E25: fast | F25: sanskrit / hindi | G25: shivaranjani | H25: =VLOOKUP(LEFT(B25, 15) & "*", PMB!A:B, 2, FALSE) -> #N/A
A26: 25 | B26: Rama Lakshmana Janaki Jai Bolo Hanuman Ki | C26: anjaneya | D26: intermediate | E26: medium fast | F26: sanskrit / hindi, awadhi | G26: ~ shankarabharanam / bilawal | H26: =VLOOKUP(LEFT(B26, 15) & "*", PMB!A:B, 2, FALSE) -> 1P
A27: 26 | B27: Rama Lakshmana Janaki Jai Bolo Hanuman Ki (4) | C27: anjaneya | D27: intermediate | E27: fast | F27: sanskrit / hindi | G27: pilu, tilang | H27: =VLOOKUP(LEFT(B27, 15) & "*", PMB!A:B, 2, FALSE) -> 1P
A28: 27 | B28: Rama Lakshmana Janaki Jai Bolo Hanuman Ki | C28: anjaneya | D28: simple | E28: fast | F28: sanskrit / hindi | G28: shankarabharanam / bilawal | H28: =VLOOKUP(LEFT(B28, 15) & "*", PMB!A:B, 2, FALSE) -> 1P
A29: 28 | B29: Rama Naama Smaranam Sada Mokshanandakaram | C29: rama, krishna, sai, anjaneya | F29: sanskrit / hindi | G29: dwijavanti / jaijaivanti | H29: =VLOOKUP(LEFT(B29, 15) & "*", PMB!A:B, 2, FALSE) -> #N/A
A30: 29 | B30: Sita Rakshaka Rama Dootha | C30: anjaneya | D30: intermediate | E30: fast | F30: sanskrit / hindi | G30: madhyamavati / madhmad sarang | H30: =VLOOKUP(LEFT(B30, 15) & "*", PMB!A:B, 2, FALSE) -> #N/A
A31: 30 | B31: Sita Ramachandra Ki Jai Jai Bolo | C31: anjaneya | D31: simple | E31: medium fast | F31: sanskrit / hindi | G31: surya | H31: =VLOOKUP(LEFT(B31, 15) & "*", PMB!A:B, 2, FALSE) -> #N/A
A32: 31 | B32: Sri Rama Daasa Rama Dootha Jai Bolo Hanuman Ki | C32: anjaneya | D32: intermediate | E32: fast | F32: sanskrit / hindi | G32: chandrakauns | H32: =VLOOKUP(LEFT(B32, 15) & "*", PMB!A:B, 2, FALSE) -> #N/A
A33: 32 | B33: Sri Rama Dootha Jaya Hanuman | C33: anjaneya | D33: intermediate | E33: medium fast | F33: sanskrit / hindi | G33: karaharapriya / kafi | H33: =VLOOKUP(LEFT(B33, 15) & "*", PMB!A:B, 2, FALSE) -> #N/A
A34: 33 | B34: Vayu Kumara Vanara Veera | C34: anjaneya | D34: simple | E34: medium slow | F34: sanskrit / hindi | G34: khamaj | H34: =VLOOKUP(LEFT(B34, 15) & "*", PMB!A:B, 2, FALSE) -> 3P
A35: 34 | B35: Veera Dheera Shoora Hanuman Ki Jai | C35: anjaneya | D35: intermediate | E35: medium fast | F35: sanskrit / hindi | G35: vibhas | H35: =VLOOKUP(LEFT(B35, 15) & "*", PMB!A:B, 2, FALSE) -> 3P
A36: 35 | B36: Veera Hanumana Ati Balawana Ram Naam Rasiyarey | C36: anjaneya | D36: simple | E36: medium fast | F36: sanskrit / hindi | G36: shankarabharanam / bilawal, khamaj | H36: =VLOOKUP(LEFT(B36, 15) & "*", PMB!A:B, 2, FALSE) -> #N/A
A37: 36 | B37: Veera Hanumathey Namo Namo | C37: anjaneya | F37: sanskrit / hindi | G37: kanada | H37: =VLOOKUP(LEFT(B37, 15) & "*", PMB!A:B, 2, FALSE) -> #N/A
A38: 37 | B38: Veera Maruti Gambhira Maruti | C38: anjaneya | D38: intermediate | E38: medium fast | F38: sanskrit / hindi | G38: sindhu bhairavi / bhairavi | H38: =VLOOKUP(LEFT(B38, 15) & "*", PMB!A:B, 2, FALSE) -> #N/A
A39: 38 | B39: (Namo) Devi Durga Janani Devi Amba Bhavani | C39: devi | D39: advanced | E39: medium | F39: sanskrit / hindi | G39: ~ hamsadhwani | H39: =VLOOKUP(LEFT(B39, 15) & "*", PMB!A:B, 2, FALSE) -> #N/A
A40: 39 | B40: Abhaya Pradayini Ananda Roopini | C40: devi | D40: advanced | E40: medium | F40: sanskrit / hindi | G40: kapi | H40: =VLOOKUP(LEFT(B40, 15) & "*", PMB!A:B, 2, FALSE) -> #N/A
A41: 40 | B41: Abhaya Pradayini Ananda Roopini | C41: devi | D41: advanced | E41: medium slow | F41: sanskrit / hindi | G41: yaman kalyan | H41: =VLOOKUP(LEFT(B41, 15) & "*", PMB!A:B, 2, FALSE) -> #N/A
A42: 41 | B42: Abhaya Pradayini Mata Mahalakshmi | C42: devi | D42: advanced | E42: medium | F42: sanskrit / hindi | G42: amruthavarshini | H42: =VLOOKUP(LEFT(B42, 15) & "*", PMB!A:B, 2, FALSE) -> #N/A
A43: 42 | B43: Adi Parashakthi Ma Ananda Roopini Ma | C43: devi | D43: intermediate | E43: slow | F43: sanskrit / hindi | G43: charukeshi | H43: =VLOOKUP(LEFT(B43, 15) & "*", PMB!A:B, 2, FALSE) -> #N/A
A44: 43 | B44: Aganita Guna Abharana Vibhushani | C44: devi | D44: advanced | E44: medium | F44: sanskrit / hindi | G44: abheri / bhimpalas | H44: =VLOOKUP(LEFT(B44, 15) & "*", PMB!A:B, 2, FALSE) -> #N/A
A45: 44 | B45: Akhila Loka Nayaki Devi Tripura Sundari | C45: devi | D45: intermediate | E45: medium fast | F45: sanskrit / hindi | G45: hamsadhwani | H45: =VLOOKUP(LEFT(B45, 15) & "*", PMB!A:B, 2, FALSE) -> #N/A
A46: 45 | B46: Amba Bhavani Jagadamba Bhavani (4) | C46: devi | F46: sanskrit / hindi | G46: hamsadhwani | H46: =VLOOKUP(LEFT(B46, 15) & "*", PMB!A:B, 2, FALSE) -> #N/A
A47: 46 | B47: Amba Bhavani Sayeeshwari (Jagad) | C47: devi | F47: sanskrit / hindi | H47: =VLOOKUP(LEFT(B47, 15) & "*", PMB!A:B, 2, FALSE) -> #N/A
A48: 47 | B48: Amba Bhavani Tribhuvana Mohini | C48: devi | D48: advanced | E48: medium fast | F48: sanskrit / hindi | G48: ~ natabhairavi | H48: =VLOOKUP(LEFT(B48, 15) & "*", PMB!A:B, 2, FALSE) -> 2.5P
A49: 48 | B49: Amba Manda Haasa Vadani Manohari Sai Jagat Janani | C49: devi | D49: advanced | E49: slow | F49: sanskrit / hindi | G49: bageshri | H49: =VLOOKUP(LEFT(B49, 15) & "*", PMB!A:B, 2, FALSE) -> #N/A
A50: 49 | B50: Amba Parameshwari Akhilandeshwari | C50: devi | D50: simple | E50: medium fast | F50: sanskrit / hindi | G50: madhyamavati / madhmad sarang | H50: =VLOOKUP(LEFT(B50, 15) & "*", PMB!A:B, 2, FALSE) -> 1.5M
A51: 50 | B51: Amba Shankari Parameshwari Shashi Shekari Amba | C51: devi | D51: intermediate | E51: medium | F51: sanskrit / hindi | G51: natakurinji | H51: =VLOOKUP(LEFT(B51, 15) & "*", PMB!A:B, 2, FALSE) -> 1.5M
A52: 51 | B52: Amba Vandanam Eshwaramba Vandanam | C52: devi | D52: advanced | E52: medium slow | F52: sanskrit / hindi | G52: kalyani / yaman | H52: =VLOOKUP(LEFT(B52, 15) & "*", PMB!A:B, 2, FALSE) -> #N/A
A53: 52 | B53: Ambe Bhavani Anand Ma | C53: devi | F53: sanskrit / hindi | H53: =VLOOKUP(LEFT(B53, 15) & "*", PMB!A:B, 2, FALSE) -> #N/A
A54: 53 | B54: Ambe Bhavani Ma Jai Jai Bhavani Ma | C54: devi | D54: intermediate | E54: medium | F54: sanskrit / hindi | G54: abheri / bhimpalas | H54: =VLOOKUP(LEFT(B54, 15) & "*", PMB!A:B, 2, FALSE) -> #N/A
A55: 54 | B55: Ambe Gowri Ma Jagadambe Gowri Ma | C55: devi | D55: intermediate | E55: medium fast | F55: sanskrit / hindi | G55: sindhu bhairavi / bhairavi | H55: =VLOOKUP(LEFT(B55, 15) & "*", PMB!A:B, 2, FALSE) -> #N/A
A56: 55 | B56: Ambe Jagadambe Kali Ambe Jagadambe | C56: devi | D56: intermediate | E56: fast | F56: sanskrit / hindi | G56: natabhairavi, madhyamavati / madhmad sarang | H56: =VLOOKUP(LEFT(B56, 15) & "*", PMB!A:B, 2, FALSE) -> #N/A
A57: 56 | B57: Ambe Janani Abhirami | C57: devi | D57: advanced | E57: medium slow | F57: sanskrit / hindi | G57: shivaranjani | H57: =VLOOKUP(LEFT(B57, 15) & "*", PMB!A:B, 2, FALSE) -> #N/A
A58: 57 | B58: Ananda Roopini Sai Narayani | C58: devi | F58: sanskrit / hindi | H58: =VLOOKUP(LEFT(B58, 15) & "*", PMB!A:B, 2, FALSE) -> #N/A
A59: 58 | B59: Ananda Sagari Dayakari | C59: devi | D59: advanced | E59: medium slow | F59: sanskrit / hindi | G59: mayamalavagowla / bhairav | H59: =VLOOKUP(LEFT(B59, 15) & "*", PMB!A:B, 2, FALSE) -> #N/A
A60: 59 | B60: Ananda Tandava Rudra Maheshwari | C60: devi | F60: sanskrit / hindi | G60: ananda bhairavi | H60: =VLOOKUP(LEFT(B60, 15) & "*", PMB!A:B, 2, FALSE) -> #N/A
A61: 60 | B61: Anatha Rakshaki Sai Maheshwari | C61: devi, sai | F61: sanskrit / hindi | H61: =VLOOKUP(LEFT(B61, 15) & "*", PMB!A:B, 2, FALSE) -> #N/A
A62: 61 | B62: Annapoorneshwari Palaya Maam | C62: devi | D62: intermediate | E62: medium fast | F62: sanskrit / hindi | G62: yaman kalyan | H62: =VLOOKUP(LEFT(B62, 15) & "*", PMB!A:B, 2, FALSE) -> #N/A
A63: 62 | B63: Avatarini Amba Bhaya Harini | C63: devi | F63: sanskrit / hindi | G63: sindhu bhairavi / bhairavi | H63: =VLOOKUP(LEFT(B63, 15) & "*", PMB!A:B, 2, FALSE) -> #N/A
A64: 63 | B64: Bhaava Vinodini Ma Sai Jaya Jaya Ma Janani | C64: devi | D64: advanced | E64: slow | F64: sanskrit / hindi | G64: gowri manohari / patdeep, sumanesa ranjani / madhukauns | H64: =VLOOKUP(LEFT(B64, 15) & "*", PMB!A:B, 2, FALSE) -> #N/A
A65: 64 | B65: Bhairavi Ambe Bhavani (Amba) | C65: devi | D65: advanced | E65: medium slow | F65: sanskrit / hindi | G65: yaman kalyan | H65: =VLOOKUP(LEFT(B65, 15) & "*", PMB!A:B, 2, FALSE) -> 2P
A66: 65 | B66: Bhajorey Bhajo Sada Durga Bhavani | C66: devi | D66: intermediate | E66: medium slow | F66: sanskrit / hindi | G66: shuddha saveri / durga | H66: =VLOOKUP(LEFT(B66, 15) & "*", PMB!A:B, 2, FALSE) -> #N/A
A67: 66 | B67: Bhavani Amba Shiva Ranjani | C67: devi | F67: sanskrit / hindi | H67: =VLOOKUP(LEFT(B67, 15) & "*", PMB!A:B, 2, FALSE) -> #N/A
A68: 67 | B68: Bhavatharini Partheeshwari | C68: devi | D68: advanced | E68: medium slow | F68: sanskrit / hindi | G68: madhuvanti | H68: =VLOOKUP(LEFT(B68, 15) & "*", PMB!A:B, 2, FALSE) -> #N/A
A69: 68 | B69: Bhuvana Mohini Sri Varalakshmi | C69: devi | F69: sanskrit / hindi | G69: brindavan sarang | H69: =VLOOKUP(LEFT(B69, 15) & "*", PMB!A:B, 2, FALSE) -> #N/A
A70: 69 | B70: Chandi Chamundi Jaya Vaishnavi Devi Ma | C70: devi | D70: intermediate | E70: fast | F70: sanskrit / hindi | G70: hamsanandi / sohini | H70: =VLOOKUP(LEFT(B70, 15) & "*", PMB!A:B, 2, FALSE) -> #N/A
A71: 70 | B71: Chandi Janani Ma | C71: devi | D71: intermediate | E71: fast | F71: sanskrit / hindi | G71: gowri manohari / patdeep | H71: =VLOOKUP(LEFT(B71, 15) & "*", PMB!A:B, 2, FALSE) -> #N/A
A72: 71 | B72: Chandramouleeshwari Shankari Shankari | C72: devi | D72: intermediate | F72: sanskrit / hindi | G72: bageshri | H72: =VLOOKUP(LEFT(B72, 15) & "*", PMB!A:B, 2, FALSE) -> #N/A
A73: 72 | B73: Chaturmukha Bhaaryey Maam Paahi | C73: devi | D73: advanced | F73: sanskrit / hindi | G73: vijaya saraswathi | H73: =VLOOKUP(LEFT(B73, 15) & "*", PMB!A:B, 2, FALSE) -> #N/A
A74: 73 | B74: Darshana Do Sai Mata | C74: devi | F74: sanskrit / hindi | G74: sindhu bhairavi / bhairavi | H74: =VLOOKUP(LEFT(B74, 15) & "*", PMB!A:B, 2, FALSE) -> #N/A
A75: 74 | B75: Daya Karo Daya Karo Daya Karo Ma | C75: devi | D75: intermediate | F75: sanskrit / hindi | G75: madhyamavati / madhmad sarang | H75: =VLOOKUP(LEFT(B75, 15) & "*", PMB!A:B, 2, FALSE) -> #N/A
A76: 75 | B76: Daya Karo Hey Jaya Jagat Janani | C76: devi | D76: advanced | F76: sanskrit / hindi | G76: yaman kalyan | H76: =VLOOKUP(LEFT(B76, 15) & "*", PMB!A:B, 2, FALSE) -> #N/A
A77: 76 | B77: Daya Sudha Barsao Mata Jaya Jaya Jaya Ambe | C77: devi | D77: intermediate | E77: medium | F77: sanskrit / hindi | G77: shivaranjani | H77: =VLOOKUP(LEFT(B77, 15) & "*", PMB!A:B, 2, FALSE) -> #N/A
A78: 77 | B78: Deena Janavani Vara Dayini | C78: devi | D78: advanced | E78: medium fast | F78: sanskrit / hindi | G78: khamaj | H78: =VLOOKUP(LEFT(B78, 15) & "*", PMB!A:B, 2, FALSE) -> 2.5M
A79: 78 | B79: Dehi Sharanam Simha Vahini | C79: devi | D79: advanced | E79: medium slow | F79: sanskrit / hindi | G79: mishra surya | H79: =VLOOKUP(LEFT(B79, 15) & "*", PMB!A:B, 2, FALSE) -> 2.5M
A80: 79 | B80: Devi Bhavani Jagat Janani | C80: devi | D80: intermediate | E80: medium | F80: sanskrit / hindi | G80: tilang | H80: =VLOOKUP(LEFT(B80, 15) & "*", PMB!A:B, 2, FALSE) -> 2P
A81: 80 | B81: Devi Bhavani Ma Jaya Sai Bhavani Ma | C81: devi | D81: intermediate | E81: medium fast | F81: sanskrit / hindi | G81: natabhairavi | H81: =VLOOKUP(LEFT(B81, 15) & "*", PMB!A:B, 2, FALSE) -> 2P
A82: 81 | B82: Devi Durga Dasha Bhuja Dharini | C82: devi | D82: advanced | E82: medium | F82: sanskrit / hindi | G82: shuddha saveri / durga | H82: =VLOOKUP(LEFT(B82, 15) & "*", PMB!A:B, 2, FALSE) -> #N/A
A83: 82 | B83: Devi Durga Kalyani | C83: devi | D83: advanced | E83: medium slow | F83: sanskrit / hindi | G83: ~ dharmavati | H83: =VLOOKUP(LEFT(B83, 15) & "*", PMB!A:B, 2, FALSE) -> #N/A
A84: 83 | B84: Devi Jagat Janani Sai Mata | C84: devi | D84: advanced | E84: medium | F84: sanskrit / hindi | G84: abheri / bhimpalas | H84: =VLOOKUP(LEFT(B84, 15) & "*", PMB!A:B, 2, FALSE) -> 2.5P
A85: 84 | B85: Devi Janani Sai Janani Darshana Do Mata | C85: devi | D85: advanced | F85: sanskrit / hindi | G85: sindhu bhairavi / bhairavi | H85: =VLOOKUP(LEFT(B85, 15) & "*", PMB!A:B, 2, FALSE) -> #N/A
A86: 85 | B86: Devi Lakshmi Maam Paahi | C86: devi | D86: intermediate | E86: medium | F86: sanskrit / hindi | G86: abheri / bhimpalas | H86: =VLOOKUP(LEFT(B86, 15) & "*", PMB!A:B, 2, FALSE) -> #N/A
A87: 86 | B87: Devi Ma Jagadambe Ma | C87: devi | D87: intermediate | E87: medium | F87: sanskrit / hindi | G87: brindavan sarang | H87: =VLOOKUP(LEFT(B87, 15) & "*", PMB!A:B, 2, FALSE) -> #N/A
A88: 87 | B88: Devi Sai Ma Devi Saraswathi Ma | C88: devi | D88: advanced | E88: medium slow | F88: sanskrit / hindi | G88: valaji / kalavati, janasammohini | H88: =VLOOKUP(LEFT(B88, 15) & "*", PMB!A:B, 2, FALSE) -> #N/A
A89: 88 | B89: Devi Saraswathi Ma Jaya Sai Saraswathi Ma | C89: devi | F89: sanskrit / hindi | H89: =VLOOKUP(LEFT(B89, 15) & "*", PMB!A:B, 2, FALSE) -> #N/A
A90: 89 | B90: Durga Amba Bhavani Jai Jai Durga Amba Bhavani | C90: devi | D90: intermediate | E90: medium | F90: sanskrit / hindi | G90: sarasangi / nat bhairav | H90: =VLOOKUP(LEFT(B90, 15) & "*", PMB!A:B, 2, FALSE) -> 3P
A91: 90 | B91: Durga Bhavani Ma Jaya Jaya Sai Ma | C91: devi | D91: intermediate | E91: medium fast | F91: sanskrit / hindi | G91: yaman kalyan | H91: =VLOOKUP(LEFT(B91, 15) & "*", PMB!A:B, 2, FALSE) -> 2M
A92: 91 | B92: Durga Lakshmi Saraswathi Hey Sai Jaganmata | C92: devi | F92: sanskrit / hindi | G92: hindolam / malkauns | H92: =VLOOKUP(LEFT(B92, 15) & "*", PMB!A:B, 2, FALSE) -> #N/A
A93: 92 | B93: Durga Lakshmi Saraswathi Ma | C93: devi | D93: advanced | F93: sanskrit / hindi | G93: revathi / bhairagi bhairav | H93: =VLOOKUP(LEFT(B93, 15) & "*", PMB!A:B, 2, FALSE) -> #N/A
A94: 93 | B94: Durgati Nashini Durge Jaya Jaya | C94: devi | D94: advanced | F94: sanskrit / hindi | G94: sindhu bhairavi / bhairavi | H94: =VLOOKUP(LEFT(B94, 15) & "*", PMB!A:B, 2, FALSE) -> #N/A
A95: 94 | B95: Durge Durge Devi Durgati Nashini | C95: devi | D95: advanced | E95: medium | F95: sanskrit / hindi | G95: chakravakam / ahir bhairav | H95: =VLOOKUP(LEFT(B95, 15) & "*", PMB!A:B, 2, FALSE) -> #N/A
A96: 95 | B96: Durge Durge Durge Jai Jai Ma (2) | C96: devi | D96: simple | E96: medium fast | F96: sanskrit / hindi | G96: natabhairavi | H96: =VLOOKUP(LEFT(B96, 15) & "*", PMB!A:B, 2, FALSE) -> #N/A
A97: 96 | B97: Gaana Priyey Sai Karunamayi | C97: devi | D97: advanced | E97: medium | F97: sanskrit / hindi | G97: revathi / bhairagi bhairav | H97: =VLOOKUP(LEFT(B97, 15) & "*", PMB!A:B, 2, FALSE) -> #N/A
A98: 97 | B98: Ganga Mayi Parameshwari Gangey | C98: devi | D98: advanced | E98: medium slow | F98: sanskrit / hindi | G98: bageshri | H98: =VLOOKUP(LEFT(B98, 15) & "*", PMB!A:B, 2, FALSE) -> #N/A
A99: 98 | B99: Giri Raja Tanaya Jaya Ma | C99: devi | D99: intermediate | E99: medium | F99: sanskrit / hindi | G99: tilang | H99: =VLOOKUP(LEFT(B99, 15) & "*", PMB!A:B, 2, FALSE) -> #N/A
A100: 99 | B100: Girija Bhavani Shivaranjani | C100: devi | F100: sanskrit / hindi | G100: shivaranjani | H100: =VLOOKUP(LEFT(B100, 15) & "*", PMB!A:B, 2, FALSE) -> #N/A
...

Sheet PMB
A1: Bhajan | B1: Sruthi | C1: Verify
A2: Aao Aao Hey Bhagawan | B2: 1.5P | C2: =COUNTIF(Sheet1!B:B, "*" & LEFT(A2, 12) & "*") -> 1
A3: Aao Aao Nandalala | B3: 2M | C3: =COUNTIF(Sheet1!B:B, "*" & LEFT(A3, 12) & "*") -> 1
A4: Aao Aao Sai Pyaare | B4: 1M | C4: =COUNTIF(Sheet1!B:B, "*" & LEFT(A4, 12) & "*") -> 3
A5: Aao Prabho Aao Sai Bhagawan | B5: 2P | C5: =COUNTIF(Sheet1!B:B, "*" & LEFT(A5, 12) & "*") -> 0
A6: Aao Pyare Nayana Hamare | B6: 7P | C6: =COUNTIF(Sheet1!B:B, "*" & LEFT(A6, 12) & "*") -> 0
A7: Aao Sai Gopal | B7: 1.5P | C7: =COUNTIF(Sheet1!B:B, "*" & LEFT(A7, 12) & "*") -> 1
A8: Adi Narayana Sai Narayana | B8: 2.5M | C8: =COUNTIF(Sheet1!B:B, "*" & LEFT(A8, 12) & "*") -> 1
A9: Ajanu Bahum Aravinda Netram | B9: 1.5P | C9: =COUNTIF(Sheet1!B:B, "*" & LEFT(A9, 12) & "*") -> 1
A10: Akhanda Jyoti Jalao | B10: 1.5M | C10: =COUNTIF(Sheet1!B:B, "*" & LEFT(A10, 12) & "*") -> 1
A11: Akhila Jagata Ke Data Sai | B11: 1.5M | C11: =COUNTIF(Sheet1!B:B, "*" & LEFT(A11, 12) & "*") -> 1
A12: Alakh Niranjana Bhava Bhaya Bhanjana | B12: 7P | C12: =COUNTIF(Sheet1!B:B, "*" & LEFT(A12, 12) & "*") -> 4
A13: Allah Allah Karo Pukar | B13: 2M | C13: =COUNTIF(Sheet1!B:B, "*" & LEFT(A13, 12) & "*") -> 2
... A1003: Yugavatara Radhe Shyam | B1003: 1P | C1003: =COUNTIF(Sheet1!B:B, "*" & LEFT(A1003, 12) & "*") -> 0
